"code","name","description","brand","link","imageAssets","packageSize","shoppable","prices","pricingUnits","badges","stockStatus","articleNumber","uom","taxes","fees","sellerId","sellerName","isVariant","offerType","hasMultipleOffers","sponsored","aisle","averageWeight"
"20081865_EA","Cold-Extracted Extra Virgin Olive Oil","Our 100% extra virgin olive oil is crafted in Italy from the first pressing of ripe olives. Beyond its fruity, fragrant and mildly peppery charms, it’s flavourful enough for dipping and drizzling, but not so strong that it can’t be used for other purposes like whisking and cooking. Think of this as your hard-working kitchen companion, ready to enhance most any dish imaginable.","PC Splendido","/cold-extracted-extra-virgin-olive-oil/p/20081865_EA","[{""imageUrl"":null,""smallUrl"":""https://assets.shop.loblaws.ca/products/20081865/b1/en/front/20081865_front_a01_@2.png"",""mediumUrl"":""https://assets.shop.loblaws.ca/products/20081865/b1/en/front/20081865_front_a01_@2.png"",""largeUrl"":""https://assets.shop.loblaws.ca/products/20081865/b1/en/front/20081865_front_a01_@2.png"",""smallRetinaUrl"":""https://assets.shop.loblaws.ca/products/20081865/b1/en/front/20081865_front_a01_@2.png"",""mediumRetinaUrl"":""https://assets.shop.loblaws.ca/products/20081865/b1/en/front/20081865_front_a01_@2.png"",""largeRetinaUrl"":""https://assets.shop.loblaws.ca/products/20081865/b1/en/front/20081865_front_a01_@2.png""}]","1 l",true,"{""price"":{""value"":10.99,""unit"":""ea"",""quantity"":1,""reasonCode"":4,""type"":""REGULAR""},""wasPrice"":null,""comparisonPrices"":[{""value"":1.1,""unit"":""ml"",""quantity"":100,""reasonCode"":null,""type"":null}]}","{""type"":""SOLD_BY_EACH"",""unit"":""ea"",""interval"":1,""minOrderQuantity"":1,""maxOrderQuantity"":25,""weighted"":false}","{""textBadge"":null,""loyaltyBadge"":null,""dealBadge"":null,""newItemBadge"":null}","OK","20081865","EA",,,"8675","maxi",false,"OG",false,false,,
"20047715_EA","100% Extra Virgin Olive Oil","Great for salad dressings, marinades, dipping and drizzling.","No Name","/100-extra-virgin-olive-oil/p/20047715_EA","[{""imageUrl"":null,""smallUrl"":""https://assets.shop.loblaws.ca/products/20047715/b1/en/front/20047715_front_a01_@2.png"",""mediumUrl"":""https://assets.shop.loblaws.ca/products/20047715/b1/en/front/20047715_front_a01_@2.png"",""largeUrl"":""https://assets.shop.loblaws.ca/products/20047715/b1/en/front/20047715_front_a01_@2.png"",""smallRetinaUrl"":""https://assets.shop.loblaws.ca/products/20047715/b1/en/front/20047715_front_a01_@2.png"",""mediumRetinaUrl"":""https://assets.shop.loblaws.ca/products/20047715/b1/en/front/20047715_front_a01_@2.png"",""largeRetinaUrl"":""https://assets.shop.loblaws.ca/products/20047715/b1/en/front/20047715_front_a01_@2.png""}]","750 ml",true,"{""price"":{""value"":6.49,""unit"":""ea"",""quantity"":1,""reasonCode"":4,""type"":""REGULAR""},""wasPrice"":null,""comparisonPrices"":[{""value"":0.87,""unit"":""ml"",""quantity"":100,""reasonCode"":null,""type"":null}]}","{""type"":""SOLD_BY_EACH"",""unit"":""ea"",""interval"":1,""minOrderQuantity"":1,""maxOrderQuantity"":25,""weighted"":false}","{""textBadge"":null,""loyaltyBadge"":null,""dealBadge"":null,""newItemBadge"":null}","OK","20047715","EA",,,"8675","maxi",false,"OG",false,false,,
"20105368_EA","Extra Virgin Olive Oil","The trusted name in olive oil","Gallo","/extra-virgin-olive-oil/p/20105368_EA","[{""imageUrl"":null,""smallUrl"":""https://assets.shop.loblaws.ca/products/20105368/b1/en/front/20105368_front_a01_@2.png"",""mediumUrl"":""https://assets.shop.loblaws.ca/products/20105368/b1/en/front/20105368_front_a01_@2.png"",""largeUrl"":""https://assets.shop.loblaws.ca/products/20105368/b1/en/front/20105368_front_a01_@2.png"",""smallRetinaUrl"":""https://assets.shop.loblaws.ca/products/20105368/b1/en/front/20105368_front_a01_@2.png"",""mediumRetinaUrl"":""https://assets.shop.loblaws.ca/products/20105368/b1/en/front/20105368_front_a01_@2.png"",""largeRetinaUrl"":""https://assets.shop.loblaws.ca/products/20105368/b1/en/front/20105368_front_a01_@2.png""}]","1 l",true,"{""price"":{""value"":8.49,""unit"":""ea"",""quantity"":1,""reasonCode"":2,""type"":""SPECIAL""},""wasPrice"":{""value"":9.99,""unit"":""ea"",""quantity"":1,""reasonCode"":null,""type"":null},""comparisonPrices"":[{""value"":0.85,""unit"":""ml"",""quantity"":100,""reasonCode"":null,""type"":null}]}","{""type"":""SOLD_BY_EACH"",""unit"":""ea"",""interval"":1,""minOrderQuantity"":1,""maxOrderQuantity"":25,""weighted"":false}","{""textBadge"":null,""loyaltyBadge"":null,""dealBadge"":{""type"":""SALE"",""text"":""SAVE $1.50"",""expiryDate"":""2023-02-22T00:00:00Z"",""promoType"":null,""name"":""SALE""},""newItemBadge"":null}","OK","20105368","EA",,,"8675","maxi",false,"OG",false,false,,
"20156182001_EA","Rich Taste-Extra Virgin Olive Oil","This quality blend of extra virgin olive oils is “cold pressed” for a naturally full-bodied fruity flavour. The Rich taste is best enjoyed drizzled over pastas, salads, dressings, dips and bread. Smoke Point  392° F/200° C","Bertolli","/rich-taste-extra-virgin-olive-oil/p/20156182001_EA","[{""imageUrl"":null,""smallUrl"":""https://assets.shop.loblaws.ca/products/20156182001/b1/en/front/20156182001_front_a01_@2.png"",""mediumUrl"":""https://assets.shop.loblaws.ca/products/20156182001/b1/en/front/20156182001_front_a01_@2.png"",""largeUrl"":""https://assets.shop.loblaws.ca/products/20156182001/b1/en/front/20156182001_front_a01_@2.png"",""smallRetinaUrl"":""https://assets.shop.loblaws.ca/products/20156182001/b1/en/front/20156182001_front_a01_@2.png"",""mediumRetinaUrl"":""https://assets.shop.loblaws.ca/products/20156182001/b1/en/front/20156182001_front_a01_@2.png"",""largeRetinaUrl"":""https://assets.shop.loblaws.ca/products/20156182001/b1/en/front/20156182001_front_a01_@2.png""}]","1 l",true,"{""price"":{""value"":12.49,""unit"":""ea"",""quantity"":1,""reasonCode"":4,""type"":""REGULAR""},""wasPrice"":null,""comparisonPrices"":[{""value"":1.25,""unit"":""ml"",""quantity"":100,""reasonCode"":null,""type"":null}]}","{""type"":""SOLD_BY_EACH"",""unit"":""ea"",""interval"":1,""minOrderQuantity"":1,""maxOrderQuantity"":25,""weighted"":false}","{""textBadge"":null,""loyaltyBadge"":null,""dealBadge"":null,""newItemBadge"":null}","OK","20156182001","EA",,,"8675","maxi",false,"OG",false,false,,
"20160496002_EA","Pure Olive Oil",,"No Name","/pure-olive-oil/p/20160496002_EA","[{""imageUrl"":null,""smallUrl"":""https://assets.shop.loblaws.ca/products/20160496002/b1/en/front/20160496002_front_a01_@2.png"",""mediumUrl"":""https://assets.shop.loblaws.ca/products/20160496002/b1/en/front/20160496002_front_a01_@2.png"",""largeUrl"":""https://assets.shop.loblaws.ca/products/20160496002/b1/en/front/20160496002_front_a01_@2.png"",""smallRetinaUrl"":""https://assets.shop.loblaws.ca/products/20160496002/b1/en/front/20160496002_front_a01_@2.png"",""mediumRetinaUrl"":""https://assets.shop.loblaws.ca/products/20160496002/b1/en/front/20160496002_front_a01_@2.png"",""largeRetinaUrl"":""https://assets.shop.loblaws.ca/products/20160496002/b1/en/front/20160496002_front_a01_@2.png""}]","750 ml",true,"{""price"":{""value"":6.29,""unit"":""ea"",""quantity"":1,""reasonCode"":4,""type"":""REGULAR""},""wasPrice"":null,""comparisonPrices"":[{""value"":0.84,""unit"":""ml"",""quantity"":100,""reasonCode"":null,""type"":null}]}","{""type"":""SOLD_BY_EACH"",""unit"":""ea"",""interval"":1,""minOrderQuantity"":1,""maxOrderQuantity"":25,""weighted"":false}","{""textBadge"":null,""loyaltyBadge"":null,""dealBadge"":null,""newItemBadge"":null}","OK","20160496002","EA",,,"8675","maxi",false,"OG",false,false,,
"20729461_EA","Delyssa Premium Extra Virgin Olive Oil","<p class=""MsoNormal""><span style=""color: #191919; mso-ansi-language: EN-CA; mso-bidi-font-weight: bold;""> </span>Terra Delyssa<b> </b>first cold press extra virgin olive oil is perfect for all types of cooking. Its smooth and mild flavor is perfect compliment for all dishes including drizzling, dipping, vinaigrettes, marinades, sautéing, light frying, roasting and baking. <span style=""color: #191919; mso-ansi-language: EN-CA;"">Terra Delyssa </span>is the essential extra virgin olive oil customers have grown to love and trust in their kitchen for years.Made with 100% Tunisian olives, the quality of <span style=""color: #191919; mso-ansi-language: EN-CA;"">Terra Delyssa </span>extra virgin olive oil is controlled from end to end. It is single sourced and all natural, meaning it is not blended with other oils from other countries, or mixed with any additives or preservatives.The result is high quality, versatile, smooth and mild tasting first cold press extra virgin olive oil that’s made just for you.</p>","Terra","/delyssa-premium-extra-virgin-olive-oil/p/20729461_EA","[{""imageUrl"":null,""smallUrl"":""https://assets.shop.loblaws.ca/products/20729461/b1/en/front/20729461_front_a01_@2.png"",""mediumUrl"":""https://assets.shop.loblaws.ca/products/20729461/b1/en/front/20729461_front_a01_@2.png"",""largeUrl"":""https://assets.shop.loblaws.ca/products/20729461/b1/en/front/20729461_front_a01_@2.png"",""smallRetinaUrl"":""https://assets.shop.loblaws.ca/products/20729461/b1/en/front/20729461_front_a01_@2.png"",""mediumRetinaUrl"":""https://assets.shop.loblaws.ca/products/20729461/b1/en/front/20729461_front_a01_@2.png"",""largeRetinaUrl"":""https://assets.shop.loblaws.ca/products/20729461/b1/en/front/20729461_front_a01_@2.png""}]","1 l",true,"{""price"":{""value"":11.99,""unit"":""ea"",""quantity"":1,""reasonCode"":4,""type"":""REGULAR""},""wasPrice"":null,""comparisonPrices"":[{""value"":1.2,""unit"":""ml"",""quantity"":100,""reasonCode"":null,""type"":null}]}","{""type"":""SOLD_BY_EACH"",""unit"":""ea"",""interval"":1,""minOrderQuantity"":1,""maxOrderQuantity"":25,""weighted"":false}","{""textBadge"":null,""loyaltyBadge"":null,""dealBadge"":null,""newItemBadge"":null}","OK","20729461","EA",,,"8675","maxi",false,"OG",false,false,,
"20000207001_EA","Extra Light Taste Olive Oil","For the benefits of olive oil without the noticeable taste, substitute Bertolli Extra Light Olive Oil for butter, shortening and other vegetable oils. It’s ideal for high-heat cooking like baking, frying and sautéing. Smoke Point: 410° F / 210°C","Bertolli","/extra-light-taste-olive-oil/p/20000207001_EA","[{""imageUrl"":null,""smallUrl"":""https://assets.shop.loblaws.ca/products/20000207001/b1/en/front/20000207001_front_a01_@2.png"",""mediumUrl"":""https://assets.shop.loblaws.ca/products/20000207001/b1/en/front/20000207001_front_a01_@2.png"",""largeUrl"":""https://assets.shop.loblaws.ca/products/20000207001/b1/en/front/20000207001_front_a01_@2.png"",""smallRetinaUrl"":""https://assets.shop.loblaws.ca/products/20000207001/b1/en/front/20000207001_front_a01_@2.png"",""mediumRetinaUrl"":""https://assets.shop.loblaws.ca/products/20000207001/b1/en/front/20000207001_front_a01_@2.png"",""largeRetinaUrl"":""https://assets.shop.loblaws.ca/products/20000207001/b1/en/front/20000207001_front_a01_@2.png""}]","1 l",true,"{""price"":{""value"":12.49,""unit"":""ea"",""quantity"":1,""reasonCode"":4,""type"":""REGULAR""},""wasPrice"":null,""comparisonPrices"":[{""value"":1.25,""unit"":""ml"",""quantity"":100,""reasonCode"":null,""type"":null}]}","{""type"":""SOLD_BY_EACH"",""unit"":""ea"",""interval"":1,""minOrderQuantity"":1,""maxOrderQuantity"":25,""weighted"":false}","{""textBadge"":null,""loyaltyBadge"":null,""dealBadge"":null,""newItemBadge"":null}","OK","20000207001","EA",,,"8675","maxi",false,"OG",false,false,,
"20141395_EA","Extra Virgin Olive Oil Club Size","<p>Keep stocked up on a kitchen staple by adding Extra Virgin Olive Oil Club Size to your pantry. This 100% extra virgin olive oil is great for everyday cooking and frying foods.</pl>","No Name","/extra-virgin-olive-oil-club-size/p/20141395_EA","[{""imageUrl"":null,""smallUrl"":""https://assets.shop.loblaws.ca/products/20141395/b1/en/front/20141395_front_a01_@2.png"",""mediumUrl"":""https://assets.shop.loblaws.ca/products/20141395/b1/en/front/20141395_front_a01_@2.png"",""largeUrl"":""https://assets.shop.loblaws.ca/products/20141395/b1/en/front/20141395_front_a01_@2.png"",""smallRetinaUrl"":""https://assets.shop.loblaws.ca/products/20141395/b1/en/front/20141395_front_a01_@2.png"",""mediumRetinaUrl"":""https://assets.shop.loblaws.ca/products/20141395/b1/en/front/20141395_front_a01_@2.png"",""largeRetinaUrl"":""https://assets.shop.loblaws.ca/products/20141395/b1/en/front/20141395_front_a01_@2.png""}]","3 l",true,"{""price"":{""value"":24.99,""unit"":""ea"",""quantity"":1,""reasonCode"":4,""type"":""REGULAR""},""wasPrice"":null,""comparisonPrices"":[{""value"":0.83,""unit"":""ml"",""quantity"":100,""reasonCode"":null,""type"":null}]}","{""type"":""SOLD_BY_EACH"",""unit"":""ea"",""interval"":1,""minOrderQuantity"":1,""maxOrderQuantity"":25,""weighted"":false}","{""textBadge"":null,""loyaltyBadge"":null,""dealBadge"":null,""newItemBadge"":null}","OK","20141395","EA",,,"8675","maxi",false,"OG",false,false,,
"20162539_EA","Cold-Extracted Extra Virgin Olive Oil","Our 100% extra virgin olive oil is crafted in Italy from the first extracting of ripe olives. Beyond its fruity, fragrant and mildly peppery charms, it’s flavourful enough for dipping and drizzling, but not so strong that it can’t be used for other purposes like whisking, drizzling and cooking. Think of this as your hard-working kitchen companion, ready to enhance most any dish imaginable.","PC Splendido","/cold-extracted-extra-virgin-olive-oil/p/20162539_EA","[{""imageUrl"":null,""smallUrl"":""https://assets.shop.loblaws.ca/products/20162539/b1/en/front/20162539_front_a01_@2.png"",""mediumUrl"":""https://assets.shop.loblaws.ca/products/20162539/b1/en/front/20162539_front_a01_@2.png"",""largeUrl"":""https://assets.shop.loblaws.ca/products/20162539/b1/en/front/20162539_front_a01_@2.png"",""smallRetinaUrl"":""https://assets.shop.loblaws.ca/products/20162539/b1/en/front/20162539_front_a01_@2.png"",""mediumRetinaUrl"":""https://assets.shop.loblaws.ca/products/20162539/b1/en/front/20162539_front_a01_@2.png"",""largeRetinaUrl"":""https://assets.shop.loblaws.ca/products/20162539/b1/en/front/20162539_front_a01_@2.png""}]","500 ml",true,"{""price"":{""value"":6.69,""unit"":""ea"",""quantity"":1,""reasonCode"":4,""type"":""REGULAR""},""wasPrice"":null,""comparisonPrices"":[{""value"":1.34,""unit"":""ml"",""quantity"":100,""reasonCode"":null,""type"":null}]}","{""type"":""SOLD_BY_EACH"",""unit"":""ea"",""interval"":1,""minOrderQuantity"":1,""maxOrderQuantity"":25,""weighted"":false}","{""textBadge"":null,""loyaltyBadge"":null,""dealBadge"":null,""newItemBadge"":null}","OK","20162539","EA",,,"8675","maxi",false,"OG",false,false,,
"20045250_EA","Cold-Pressed Extra Virgin Olive Oil","A kitchen essential, this cold-pressed extra virgin olive oil retains its fruity and subtle flavour during cooking.  Perfect for drizzling on salads, dipping with bread and brushing on bruschetta.","PC Splendido","/cold-pressed-extra-virgin-olive-oil/p/20045250_EA","[{""imageUrl"":null,""smallUrl"":""https://assets.shop.loblaws.ca/products/20045250/b1/en/front/20045250_front_a01_@2.png"",""mediumUrl"":""https://assets.shop.loblaws.ca/products/20045250/b1/en/front/20045250_front_a01_@2.png"",""largeUrl"":""https://assets.shop.loblaws.ca/products/20045250/b1/en/front/20045250_front_a01_@2.png"",""smallRetinaUrl"":""https://assets.shop.loblaws.ca/products/20045250/b1/en/front/20045250_front_a01_@2.png"",""mediumRetinaUrl"":""https://assets.shop.loblaws.ca/products/20045250/b1/en/front/20045250_front_a01_@2.png"",""largeRetinaUrl"":""https://assets.shop.loblaws.ca/products/20045250/b1/en/front/20045250_front_a01_@2.png""}]","3 l",true,"{""price"":{""value"":26.99,""unit"":""ea"",""quantity"":1,""reasonCode"":4,""type"":""REGULAR""},""wasPrice"":null,""comparisonPrices"":[{""value"":0.9,""unit"":""ml"",""quantity"":100,""reasonCode"":null,""type"":null}]}","{""type"":""SOLD_BY_EACH"",""unit"":""ea"",""interval"":1,""minOrderQuantity"":1,""maxOrderQuantity"":25,""weighted"":false}","{""textBadge"":null,""loyaltyBadge"":null,""dealBadge"":null,""newItemBadge"":null}","OK","20045250","EA",,,"8675","maxi",false,"OG",false,false,,
"20160496001_EA","Light Tasting Pure Olive Oil",,"No Name","/light-tasting-pure-olive-oil/p/20160496001_EA","[{""imageUrl"":null,""smallUrl"":""https://assets.shop.loblaws.ca/products/20160496001/b1/en/front/20160496001_front_a01_@2.png"",""mediumUrl"":""https://assets.shop.loblaws.ca/products/20160496001/b1/en/front/20160496001_front_a01_@2.png"",""largeUrl"":""https://assets.shop.loblaws.ca/products/20160496001/b1/en/front/20160496001_front_a01_@2.png"",""smallRetinaUrl"":""https://assets.shop.loblaws.ca/products/20160496001/b1/en/front/20160496001_front_a01_@2.png"",""mediumRetinaUrl"":""https://assets.shop.loblaws.ca/products/20160496001/b1/en/front/20160496001_front_a01_@2.png"",""largeRetinaUrl"":""https://assets.shop.loblaws.ca/products/20160496001/b1/en/front/20160496001_front_a01_@2.png""}]","750 ml",true,"{""price"":{""value"":6.29,""unit"":""ea"",""quantity"":1,""reasonCode"":4,""type"":""REGULAR""},""wasPrice"":null,""comparisonPrices"":[{""value"":0.84,""unit"":""ml"",""quantity"":100,""reasonCode"":null,""type"":null}]}","{""type"":""SOLD_BY_EACH"",""unit"":""ea"",""interval"":1,""minOrderQuantity"":1,""maxOrderQuantity"":25,""weighted"":false}","{""textBadge"":null,""loyaltyBadge"":null,""dealBadge"":null,""newItemBadge"":null}","OK","20160496001","EA",,,"8675","maxi",false,"OG",false,false,,
"20047915_EA","Rich Taste-Extra Virgin Olive Oil","This quality blend of extra virgin olive oils is “cold pressed” for a naturally full-bodied fruity flavour. The Rich taste is best enjoyed drizzled over pastas, salads, dressings, dips and bread. Smoke Point  392° F/200° C","Bertolli","/rich-taste-extra-virgin-olive-oil/p/20047915_EA","[{""imageUrl"":null,""smallUrl"":""https://assets.shop.loblaws.ca/products/20047915/b1/en/front/20047915_front_a01_@2.png"",""mediumUrl"":""https://assets.shop.loblaws.ca/products/20047915/b1/en/front/20047915_front_a01_@2.png"",""largeUrl"":""https://assets.shop.loblaws.ca/products/20047915/b1/en/front/20047915_front_a01_@2.png"",""smallRetinaUrl"":""https://assets.shop.loblaws.ca/products/20047915/b1/en/front/20047915_front_a01_@2.png"",""mediumRetinaUrl"":""https://assets.shop.loblaws.ca/products/20047915/b1/en/front/20047915_front_a01_@2.png"",""largeRetinaUrl"":""https://assets.shop.loblaws.ca/products/20047915/b1/en/front/20047915_front_a01_@2.png""}]","2 l",true,"{""price"":{""value"":19.99,""unit"":""ea"",""quantity"":1,""reasonCode"":4,""type"":""REGULAR""},""wasPrice"":null,""comparisonPrices"":[{""value"":1,""unit"":""ml"",""quantity"":100,""reasonCode"":null,""type"":null}]}","{""type"":""SOLD_BY_EACH"",""unit"":""ea"",""interval"":1,""minOrderQuantity"":1,""maxOrderQuantity"":25,""weighted"":false}","{""textBadge"":null,""loyaltyBadge"":null,""dealBadge"":null,""newItemBadge"":null}","OK","20047915","EA",,,"8675","maxi",false,"OG",false,false,,
"20027043_EA","Organic Extra Virgin Olive Oil",,"PC Organics","/organic-extra-virgin-olive-oil/p/20027043_EA","[{""imageUrl"":null,""smallUrl"":""https://assets.shop.loblaws.ca/products/20027043/b1/en/front/20027043_front_a01_@2.png"",""mediumUrl"":""https://assets.shop.loblaws.ca/products/20027043/b1/en/front/20027043_front_a01_@2.png"",""largeUrl"":""https://assets.shop.loblaws.ca/products/20027043/b1/en/front/20027043_front_a01_@2.png"",""smallRetinaUrl"":""https://assets.shop.loblaws.ca/products/20027043/b1/en/front/20027043_front_a01_@2.png"",""mediumRetinaUrl"":""https://assets.shop.loblaws.ca/products/20027043/b1/en/front/20027043_front_a01_@2.png"",""largeRetinaUrl"":""https://assets.shop.loblaws.ca/products/20027043/b1/en/front/20027043_front_a01_@2.png""}]","500 ml",true,"{""price"":{""value"":8.99,""unit"":""ea"",""quantity"":1,""reasonCode"":4,""type"":""REGULAR""},""wasPrice"":null,""comparisonPrices"":[{""value"":1.8,""unit"":""ml"",""quantity"":100,""reasonCode"":null,""type"":null}]}","{""type"":""SOLD_BY_EACH"",""unit"":""ea"",""interval"":1,""minOrderQuantity"":1,""maxOrderQuantity"":25,""weighted"":false}","{""textBadge"":null,""loyaltyBadge"":null,""dealBadge"":null,""newItemBadge"":null}","OK","20027043","EA",,,"8675","maxi",false,"OG",false,false,,
"21401612_EA","Delicato, Cold Extracted Extra Virgin Olive Oil  ",,"PC Splendido","/delicato-cold-extracted-extra-virgin-olive-oil/p/21401612_EA","[{""imageUrl"":null,""smallUrl"":""https://assets.shop.loblaws.ca/products/21401612/b1/en/front/21401612_front_a01_@2.png"",""mediumUrl"":""https://assets.shop.loblaws.ca/products/21401612/b1/en/front/21401612_front_a01_@2.png"",""largeUrl"":""https://assets.shop.loblaws.ca/products/21401612/b1/en/front/21401612_front_a01_@2.png"",""smallRetinaUrl"":""https://assets.shop.loblaws.ca/products/21401612/b1/en/front/21401612_front_a01_@2.png"",""mediumRetinaUrl"":""https://assets.shop.loblaws.ca/products/21401612/b1/en/front/21401612_front_a01_@2.png"",""largeRetinaUrl"":""https://assets.shop.loblaws.ca/products/21401612/b1/en/front/21401612_front_a01_@2.png""}]","1 l",true,"{""price"":{""value"":10.99,""unit"":""ea"",""quantity"":1,""reasonCode"":4,""type"":""REGULAR""},""wasPrice"":null,""comparisonPrices"":[{""value"":1.1,""unit"":""ml"",""quantity"":100,""reasonCode"":null,""type"":null}]}","{""type"":""SOLD_BY_EACH"",""unit"":""ea"",""interval"":1,""minOrderQuantity"":1,""maxOrderQuantity"":25,""weighted"":false}","{""textBadge"":null,""loyaltyBadge"":null,""dealBadge"":null,""newItemBadge"":null}","OK","21401612","EA",,,"8675","maxi",false,"OG",false,false,,
"21161996_EA","Organic Olive Oil","100% Organic Extra Virgin Olive Oil","Terra","/organic-olive-oil/p/21161996_EA","[{""imageUrl"":null,""smallUrl"":""https://assets.shop.loblaws.ca/products/21161996/b1/en/front/21161996_front_a01_@2.png"",""mediumUrl"":""https://assets.shop.loblaws.ca/products/21161996/b1/en/front/21161996_front_a01_@2.png"",""largeUrl"":""https://assets.shop.loblaws.ca/products/21161996/b1/en/front/21161996_front_a01_@2.png"",""smallRetinaUrl"":""https://assets.shop.loblaws.ca/products/21161996/b1/en/front/21161996_front_a01_@2.png"",""mediumRetinaUrl"":""https://assets.shop.loblaws.ca/products/21161996/b1/en/front/21161996_front_a01_@2.png"",""largeRetinaUrl"":""https://assets.shop.loblaws.ca/products/21161996/b1/en/front/21161996_front_a01_@2.png""}]","750 ml",true,"{""price"":{""value"":13.49,""unit"":""ea"",""quantity"":1,""reasonCode"":4,""type"":""REGULAR""},""wasPrice"":null,""comparisonPrices"":[{""value"":1.8,""unit"":""ml"",""quantity"":100,""reasonCode"":null,""type"":null}]}","{""type"":""SOLD_BY_EACH"",""unit"":""ea"",""interval"":1,""minOrderQuantity"":1,""maxOrderQuantity"":25,""weighted"":false}","{""textBadge"":null,""loyaltyBadge"":null,""dealBadge"":null,""newItemBadge"":null}","OK","21161996","EA",,,"8675","maxi",false,"OG",false,false,,
"20000207002_EA","Light Taste Olive Oil","Bertolli Light Olive Oil is versatile enough to be used in almost every style of cooking. Exquisitely balanced with a gentle hint of olives, bright, golden colour and mild. Complements the true flavour of any meal. Smoke Point: 410° F / 210°C","Bertolli","/light-taste-olive-oil/p/20000207002_EA","[{""imageUrl"":null,""smallUrl"":""https://assets.shop.loblaws.ca/products/20000207002/b1/en/front/20000207002_front_a01_@2.png"",""mediumUrl"":""https://assets.shop.loblaws.ca/products/20000207002/b1/en/front/20000207002_front_a01_@2.png"",""largeUrl"":""https://assets.shop.loblaws.ca/products/20000207002/b1/en/front/20000207002_front_a01_@2.png"",""smallRetinaUrl"":""https://assets.shop.loblaws.ca/products/20000207002/b1/en/front/20000207002_front_a01_@2.png"",""mediumRetinaUrl"":""https://assets.shop.loblaws.ca/products/20000207002/b1/en/front/20000207002_front_a01_@2.png"",""largeRetinaUrl"":""https://assets.shop.loblaws.ca/products/20000207002/b1/en/front/20000207002_front_a01_@2.png""}]","1 l",true,"{""price"":{""value"":12.49,""unit"":""ea"",""quantity"":1,""reasonCode"":4,""type"":""REGULAR""},""wasPrice"":null,""comparisonPrices"":[{""value"":1.25,""unit"":""ml"",""quantity"":100,""reasonCode"":null,""type"":null}]}","{""type"":""SOLD_BY_EACH"",""unit"":""ea"",""interval"":1,""minOrderQuantity"":1,""maxOrderQuantity"":25,""weighted"":false}","{""textBadge"":null,""loyaltyBadge"":null,""dealBadge"":null,""newItemBadge"":null}","OK","20000207002","EA",,,"8675","maxi",false,"OG",false,false,,
"20156182002_EA","Mild Taste-Extra Virgin Olive Oil","Though initially sweet, its caramel flavour is only the beginning. Then the soft aromas of almonds appear, and the fresh taste of tomatoes and vegetables. And the finale? An extra virgin olive oil with a subtle bitterness, and an aftertaste of simplicity. Pairs well with light dishes like chicken, seafood and vegetables. Smoke Point: 392° F/200° C","Bertolli","/mild-taste-extra-virgin-olive-oil/p/20156182002_EA","[{""imageUrl"":null,""smallUrl"":""https://assets.shop.loblaws.ca/products/20156182002/b1/en/front/20156182002_front_a01_@2.png"",""mediumUrl"":""https://assets.shop.loblaws.ca/products/20156182002/b1/en/front/20156182002_front_a01_@2.png"",""largeUrl"":""https://assets.shop.loblaws.ca/products/20156182002/b1/en/front/20156182002_front_a01_@2.png"",""smallRetinaUrl"":""https://assets.shop.loblaws.ca/products/20156182002/b1/en/front/20156182002_front_a01_@2.png"",""mediumRetinaUrl"":""https://assets.shop.loblaws.ca/products/20156182002/b1/en/front/20156182002_front_a01_@2.png"",""largeRetinaUrl"":""https://assets.shop.loblaws.ca/products/20156182002/b1/en/front/20156182002_front_a01_@2.png""}]","1 l",true,"{""price"":{""value"":12.49,""unit"":""ea"",""quantity"":1,""reasonCode"":4,""type"":""REGULAR""},""wasPrice"":null,""comparisonPrices"":[{""value"":1.25,""unit"":""ml"",""quantity"":100,""reasonCode"":null,""type"":null}]}","{""type"":""SOLD_BY_EACH"",""unit"":""ea"",""interval"":1,""minOrderQuantity"":1,""maxOrderQuantity"":25,""weighted"":false}","{""textBadge"":null,""loyaltyBadge"":null,""dealBadge"":null,""newItemBadge"":null}","OK","20156182002","EA",,,"8675","maxi",false,"OG",false,false,,
"20156179_EA","Kalamata Extra Virgin Olive Oil","The Messinia and Laconia region of Southern Greece has been producing the first olive oil in the world since the beginning of history. The Lefas family proudly continues the tradition of selecting and producing the finest olive oil in the region for more than 150 years.",,"/kalamata-extra-virgin-olive-oil/p/20156179_EA","[{""imageUrl"":null,""smallUrl"":""https://assets.shop.loblaws.ca/products/20156179/b1/en/front/20156179_front_a01_@2.png"",""mediumUrl"":""https://assets.shop.loblaws.ca/products/20156179/b1/en/front/20156179_front_a01_@2.png"",""largeUrl"":""https://assets.shop.loblaws.ca/products/20156179/b1/en/front/20156179_front_a01_@2.png"",""smallRetinaUrl"":""https://assets.shop.loblaws.ca/products/20156179/b1/en/front/20156179_front_a01_@2.png"",""mediumRetinaUrl"":""https://assets.shop.loblaws.ca/products/20156179/b1/en/front/20156179_front_a01_@2.png"",""largeRetinaUrl"":""https://assets.shop.loblaws.ca/products/20156179/b1/en/front/20156179_front_a01_@2.png""}]","3 l",true,"{""price"":{""value"":24.99,""unit"":""ea"",""quantity"":1,""reasonCode"":4,""type"":""REGULAR""},""wasPrice"":null,""comparisonPrices"":[{""value"":0.83,""unit"":""ml"",""quantity"":100,""reasonCode"":null,""type"":null}]}","{""type"":""SOLD_BY_EACH"",""unit"":""ea"",""interval"":1,""minOrderQuantity"":1,""maxOrderQuantity"":25,""weighted"":false}","{""textBadge"":null,""loyaltyBadge"":null,""dealBadge"":null,""newItemBadge"":null}","OK","20156179","EA",,,"8675","maxi",false,"OG",false,false,,
"21093990_EA","Cold-Pressed Extra Virgin Olive Oil Spray",,"President's Choice","/cold-pressed-extra-virgin-olive-oil-spray/p/21093990_EA","[{""imageUrl"":null,""smallUrl"":""https://assets.shop.loblaws.ca/products/21093990/b1/en/front/21093990_front_a01_@2.png"",""mediumUrl"":""https://assets.shop.loblaws.ca/products/21093990/b1/en/front/21093990_front_a01_@2.png"",""largeUrl"":""https://assets.shop.loblaws.ca/products/21093990/b1/en/front/21093990_front_a01_@2.png"",""smallRetinaUrl"":""https://assets.shop.loblaws.ca/products/21093990/b1/en/front/21093990_front_a01_@2.png"",""mediumRetinaUrl"":""https://assets.shop.loblaws.ca/products/21093990/b1/en/front/21093990_front_a01_@2.png"",""largeRetinaUrl"":""https://assets.shop.loblaws.ca/products/21093990/b1/en/front/21093990_front_a01_@2.png""}]","155 ml",true,"{""price"":{""value"":4.49,""unit"":""ea"",""quantity"":1,""reasonCode"":4,""type"":""REGULAR""},""wasPrice"":null,""comparisonPrices"":[{""value"":2.9,""unit"":""ml"",""quantity"":100,""reasonCode"":null,""type"":null}]}","{""type"":""SOLD_BY_EACH"",""unit"":""ea"",""interval"":1,""minOrderQuantity"":1,""maxOrderQuantity"":25,""weighted"":false}","{""textBadge"":null,""loyaltyBadge"":null,""dealBadge"":null,""newItemBadge"":null}","OK","21093990","EA",,,"8675","maxi",false,"OG",false,false,,
"21039665_EA","Rich Taste-Organic Extra Virgin Olive Oil","This quality blend of extra virgin olive oils is “cold pressed” for a naturally full-bodied fruity flavour. The Rich taste is best enjoyed drizzled over pastas, salads, dressings, dips and bread. Smoke Point  392° F/200° C","Bertolli","/rich-taste-organic-extra-virgin-olive-oil/p/21039665_EA","[{""imageUrl"":null,""smallUrl"":""https://assets.shop.loblaws.ca/products/21039665/b1/en/front/21039665_front_a01_@2.png"",""mediumUrl"":""https://assets.shop.loblaws.ca/products/21039665/b1/en/front/21039665_front_a01_@2.png"",""largeUrl"":""https://assets.shop.loblaws.ca/products/21039665/b1/en/front/21039665_front_a01_@2.png"",""smallRetinaUrl"":""https://assets.shop.loblaws.ca/products/21039665/b1/en/front/21039665_front_a01_@2.png"",""mediumRetinaUrl"":""https://assets.shop.loblaws.ca/products/21039665/b1/en/front/21039665_front_a01_@2.png"",""largeRetinaUrl"":""https://assets.shop.loblaws.ca/products/21039665/b1/en/front/21039665_front_a01_@2.png""}]","750 ml",true,"{""price"":{""value"":12.49,""unit"":""ea"",""quantity"":1,""reasonCode"":4,""type"":""REGULAR""},""wasPrice"":null,""comparisonPrices"":[{""value"":1.67,""unit"":""ml"",""quantity"":100,""reasonCode"":null,""type"":null}]}","{""type"":""SOLD_BY_EACH"",""unit"":""ea"",""interval"":1,""minOrderQuantity"":1,""maxOrderQuantity"":25,""weighted"":false}","{""textBadge"":null,""loyaltyBadge"":null,""dealBadge"":null,""newItemBadge"":null}","OK","21039665","EA",,,"8675","maxi",false,"OG",false,false,,
"20535096_EA","Extra Virgin Olive Oil",,"A L'Olivier","/extra-virgin-olive-oil/p/20535096_EA","[{""imageUrl"":null,""smallUrl"":""https://assets.shop.loblaws.ca/products/20535096/b1/en/front/20535096_front_a01_@2.png"",""mediumUrl"":""https://assets.shop.loblaws.ca/products/20535096/b1/en/front/20535096_front_a01_@2.png"",""largeUrl"":""https://assets.shop.loblaws.ca/products/20535096/b1/en/front/20535096_front_a01_@2.png"",""smallRetinaUrl"":""https://assets.shop.loblaws.ca/products/20535096/b1/en/front/20535096_front_a01_@2.png"",""mediumRetinaUrl"":""https://assets.shop.loblaws.ca/products/20535096/b1/en/front/20535096_front_a01_@2.png"",""largeRetinaUrl"":""https://assets.shop.loblaws.ca/products/20535096/b1/en/front/20535096_front_a01_@2.png""}]","750 ml",true,"{""price"":{""value"":11.99,""unit"":""ea"",""quantity"":1,""reasonCode"":4,""type"":""REGULAR""},""wasPrice"":null,""comparisonPrices"":[{""value"":1.6,""unit"":""ml"",""quantity"":100,""reasonCode"":null,""type"":null}]}","{""type"":""SOLD_BY_EACH"",""unit"":""ea"",""interval"":1,""minOrderQuantity"":1,""maxOrderQuantity"":25,""weighted"":false}","{""textBadge"":null,""loyaltyBadge"":null,""dealBadge"":null,""newItemBadge"":null}","OK","20535096","EA",,,"8675","maxi",false,"OG",false,false,,
"20077972_EA","Extra Virgin Olive Oil","The finest and fruitiest of the olive oils, good for cardiovascular health while balancing metabolism and body functioning. Good source of vitamin E, and 0% cholesterol.","Mastro","/extra-virgin-olive-oil/p/20077972_EA","[{""imageUrl"":null,""smallUrl"":""https://assets.shop.loblaws.ca/products/20077972/b1/en/front/20077972_front_a01_@2.png"",""mediumUrl"":""https://assets.shop.loblaws.ca/products/20077972/b1/en/front/20077972_front_a01_@2.png"",""largeUrl"":""https://assets.shop.loblaws.ca/products/20077972/b1/en/front/20077972_front_a01_@2.png"",""smallRetinaUrl"":""https://assets.shop.loblaws.ca/products/20077972/b1/en/front/20077972_front_a01_@2.png"",""mediumRetinaUrl"":""https://assets.shop.loblaws.ca/products/20077972/b1/en/front/20077972_front_a01_@2.png"",""largeRetinaUrl"":""https://assets.shop.loblaws.ca/products/20077972/b1/en/front/20077972_front_a01_@2.png""}]","1 l",true,"{""price"":{""value"":11.99,""unit"":""ea"",""quantity"":1,""reasonCode"":4,""type"":""REGULAR""},""wasPrice"":null,""comparisonPrices"":[{""value"":1.2,""unit"":""ml"",""quantity"":100,""reasonCode"":null,""type"":null}]}","{""type"":""SOLD_BY_EACH"",""unit"":""ea"",""interval"":1,""minOrderQuantity"":1,""maxOrderQuantity"":25,""weighted"":false}","{""textBadge"":null,""loyaltyBadge"":null,""dealBadge"":null,""newItemBadge"":null}","OK","20077972","EA",,,"8675","maxi",false,"OG",false,false,,
"20840038001_EA","Grape Tomato 907G    ","Grape tomatoes are small and oval-shaped with a smooth red or yellow skin. They typically have a thicker skin and sweeter flavour than cherry tomatoes. Add raw grape tomatoes to your salads or vegetable platters, or roast with olive oil and serve with goat cheese and crackers.","Farmer's Market","/grape-tomato-907g/p/20840038001_EA","[{""imageUrl"":null,""smallUrl"":""https://assets.shop.loblaws.ca/products/20840038001/b1/en/front/20840038001_front_a01_@2.png"",""mediumUrl"":""https://assets.shop.loblaws.ca/products/20840038001/b1/en/front/20840038001_front_a01_@2.png"",""largeUrl"":""https://assets.shop.loblaws.ca/products/20840038001/b1/en/front/20840038001_front_a01_@2.png"",""smallRetinaUrl"":""https://assets.shop.loblaws.ca/products/20840038001/b1/en/front/20840038001_front_a01_@2.png"",""mediumRetinaUrl"":""https://assets.shop.loblaws.ca/products/20840038001/b1/en/front/20840038001_front_a01_@2.png"",""largeRetinaUrl"":""https://assets.shop.loblaws.ca/products/20840038001/b1/en/front/20840038001_front_a01_@2.png""}]","908 g",true,"{""price"":{""value"":7,""unit"":""ea"",""quantity"":1,""reasonCode"":4,""type"":""REGULAR""},""wasPrice"":null,""comparisonPrices"":[{""value"":0.77,""unit"":""g"",""quantity"":100,""reasonCode"":null,""type"":null}]}","{""type"":""SOLD_BY_EACH"",""unit"":""ea"",""interval"":1,""minOrderQuantity"":1,""maxOrderQuantity"":25,""weighted"":false}","{""textBadge"":null,""loyaltyBadge"":null,""dealBadge"":null,""newItemBadge"":null}","OK","20840038001","EA",,,"8675","maxi",false,"OG",false,false,"{""name"":""Fruits & Vegetables""}",
"20326618_EA","Roasted Garlic Olive Oil","A blend of olive oil infused with roasted garlic flavour (it’s an extract), this versatile oil is an easy way to add subtle notes of roasted garlic flavour to foods. Use as a dip with bread, drizzle on salads and steak, brush on chicken, stir into mashed potatoes, and use to sauté vegetables and shrimp.","President's Choice","/roasted-garlic-olive-oil/p/20326618_EA","[{""imageUrl"":null,""smallUrl"":""https://assets.shop.loblaws.ca/products/20326618/b1/en/front/20326618_front_a01_@2.png"",""mediumUrl"":""https://assets.shop.loblaws.ca/products/20326618/b1/en/front/20326618_front_a01_@2.png"",""largeUrl"":""https://assets.shop.loblaws.ca/products/20326618/b1/en/front/20326618_front_a01_@2.png"",""smallRetinaUrl"":""https://assets.shop.loblaws.ca/products/20326618/b1/en/front/20326618_front_a01_@2.png"",""mediumRetinaUrl"":""https://assets.shop.loblaws.ca/products/20326618/b1/en/front/20326618_front_a01_@2.png"",""largeRetinaUrl"":""https://assets.shop.loblaws.ca/products/20326618/b1/en/front/20326618_front_a01_@2.png""}]","250 ml",true,"{""price"":{""value"":5.99,""unit"":""ea"",""quantity"":1,""reasonCode"":4,""type"":""REGULAR""},""wasPrice"":null,""comparisonPrices"":[{""value"":2.4,""unit"":""ml"",""quantity"":100,""reasonCode"":null,""type"":null}]}","{""type"":""SOLD_BY_EACH"",""unit"":""ea"",""interval"":1,""minOrderQuantity"":1,""maxOrderQuantity"":25,""weighted"":false}","{""textBadge"":null,""loyaltyBadge"":null,""dealBadge"":null,""newItemBadge"":null}","OK","20326618","EA",,,"8675","maxi",false,"OG",false,false,,
"20021287_EA","Extra Virgin Olive Oil",,"Irini","/extra-virgin-olive-oil/p/20021287_EA","[{""imageUrl"":null,""smallUrl"":""https://assets.shop.loblaws.ca/products/20021287/b1/en/front/20021287_front_a01_@2.png"",""mediumUrl"":""https://assets.shop.loblaws.ca/products/20021287/b1/en/front/20021287_front_a01_@2.png"",""largeUrl"":""https://assets.shop.loblaws.ca/products/20021287/b1/en/front/20021287_front_a01_@2.png"",""smallRetinaUrl"":""https://assets.shop.loblaws.ca/products/20021287/b1/en/front/20021287_front_a01_@2.png"",""mediumRetinaUrl"":""https://assets.shop.loblaws.ca/products/20021287/b1/en/front/20021287_front_a01_@2.png"",""largeRetinaUrl"":""https://assets.shop.loblaws.ca/products/20021287/b1/en/front/20021287_front_a01_@2.png""}]","750 ml",true,"{""price"":{""value"":9.99,""unit"":""ea"",""quantity"":1,""reasonCode"":4,""type"":""REGULAR""},""wasPrice"":null,""comparisonPrices"":[{""value"":1.33,""unit"":""ml"",""quantity"":100,""reasonCode"":null,""type"":null}]}","{""type"":""SOLD_BY_EACH"",""unit"":""ea"",""interval"":1,""minOrderQuantity"":1,""maxOrderQuantity"":25,""weighted"":false}","{""textBadge"":null,""loyaltyBadge"":null,""dealBadge"":null,""newItemBadge"":null}","OK","20021287","EA",,,"8675","maxi",false,"OG",false,false,,
"20117370001_EA","Mini Carrots","Baby (or mini) carrots are harvested young and usually very tender and sweet. Because they are already peeled, baby carrots are a quick and easy snack for people of all ages. Enjoy baby carrots on their own, add them to your vegetable platter, or roast them with a little olive oil for an easy side dish.","Farmer's Market","/mini-carrots/p/20117370001_EA","[{""imageUrl"":null,""smallUrl"":""https://assets.shop.loblaws.ca/products/20117370001/b1/en/front/20117370001_front_a01_@2.png"",""mediumUrl"":""https://assets.shop.loblaws.ca/products/20117370001/b1/en/front/20117370001_front_a01_@2.png"",""largeUrl"":""https://assets.shop.loblaws.ca/products/20117370001/b1/en/front/20117370001_front_a01_@2.png"",""smallRetinaUrl"":""https://assets.shop.loblaws.ca/products/20117370001/b1/en/front/20117370001_front_a01_@2.png"",""mediumRetinaUrl"":""https://assets.shop.loblaws.ca/products/20117370001/b1/en/front/20117370001_front_a01_@2.png"",""largeRetinaUrl"":""https://assets.shop.loblaws.ca/products/20117370001/b1/en/front/20117370001_front_a01_@2.png""}]","340 g",true,"{""price"":{""value"":1.88,""unit"":""ea"",""quantity"":1,""reasonCode"":1,""type"":""SPECIAL""},""wasPrice"":{""value"":2.49,""unit"":""ea"",""quantity"":1,""reasonCode"":null,""type"":null},""comparisonPrices"":[{""value"":0.55,""unit"":""g"",""quantity"":100,""reasonCode"":null,""type"":null}]}","{""type"":""SOLD_BY_EACH"",""unit"":""ea"",""interval"":1,""minOrderQuantity"":1,""maxOrderQuantity"":25,""weighted"":false}","{""textBadge"":null,""loyaltyBadge"":null,""dealBadge"":{""type"":""SALE"",""text"":""SAVE $0.61"",""expiryDate"":""2023-02-22T00:00:00Z"",""promoType"":null,""name"":""SALE""},""newItemBadge"":null}","OK","20117370001","EA",,,"8675","maxi",false,"OG",false,false,"{""name"":""Fruits & Vegetables""}",
"20074337_EA","Olive Oil Tin    ","IF IT SAYS GALLO, THE QUALITY IS GUARANTEED!.<br><br>Since ancient times, the olive has been the symbol of peace and prosperity in the Mediterranean world. Today, Gallo 100% Pure Olive Oil is still part of a rich tradition of quality. Gallo 100% Pure Olive Oil uses only fine quality olives, pressed in the time-honoured traditional method, creating a superior-flavoured oil that imparts an unique, subtle accent to many foods..<br><br>When flavour and quality is most important, you can trust Gallo Pure Olive Oil to be the finest 100% pure olive oil..<br><br>GALLO: THE TRUSTED NAME IN OLIVE OIL FOR GENERATIONS","Gallo","/olive-oil-tin/p/20074337_EA","[{""imageUrl"":null,""smallUrl"":""https://assets.shop.loblaws.ca/products/20074337/b1/en/front/20074337_front_a01_@2.png"",""mediumUrl"":""https://assets.shop.loblaws.ca/products/20074337/b1/en/front/20074337_front_a01_@2.png"",""largeUrl"":""https://assets.shop.loblaws.ca/products/20074337/b1/en/front/20074337_front_a01_@2.png"",""smallRetinaUrl"":""https://assets.shop.loblaws.ca/products/20074337/b1/en/front/20074337_front_a01_@2.png"",""mediumRetinaUrl"":""https://assets.shop.loblaws.ca/products/20074337/b1/en/front/20074337_front_a01_@2.png"",""largeRetinaUrl"":""https://assets.shop.loblaws.ca/products/20074337/b1/en/front/20074337_front_a01_@2.png""}]","3 l",true,"{""price"":{""value"":31.99,""unit"":""ea"",""quantity"":1,""reasonCode"":4,""type"":""REGULAR""},""wasPrice"":null,""comparisonPrices"":[{""value"":1.07,""unit"":""ml"",""quantity"":100,""reasonCode"":null,""type"":null}]}","{""type"":""SOLD_BY_EACH"",""unit"":""ea"",""interval"":1,""minOrderQuantity"":1,""maxOrderQuantity"":25,""weighted"":false}","{""textBadge"":null,""loyaltyBadge"":null,""dealBadge"":null,""newItemBadge"":null}","OK","20074337","EA",,,"8675","maxi",false,"OG",false,false,,
"20572876_EA","Extra Virgin Olive Oil",,"Kriti Gold","/extra-virgin-olive-oil/p/20572876_EA","[{""imageUrl"":null,""smallUrl"":""https://assets.shop.loblaws.ca/products/20572876/b1/en/front/20572876_front_a01_@2.png"",""mediumUrl"":""https://assets.shop.loblaws.ca/products/20572876/b1/en/front/20572876_front_a01_@2.png"",""largeUrl"":""https://assets.shop.loblaws.ca/products/20572876/b1/en/front/20572876_front_a01_@2.png"",""smallRetinaUrl"":""https://assets.shop.loblaws.ca/products/20572876/b1/en/front/20572876_front_a01_@2.png"",""mediumRetinaUrl"":""https://assets.shop.loblaws.ca/products/20572876/b1/en/front/20572876_front_a01_@2.png"",""largeRetinaUrl"":""https://assets.shop.loblaws.ca/products/20572876/b1/en/front/20572876_front_a01_@2.png""}]","750 ml",true,"{""price"":{""value"":11.49,""unit"":""ea"",""quantity"":1,""reasonCode"":4,""type"":""REGULAR""},""wasPrice"":null,""comparisonPrices"":[{""value"":1.53,""unit"":""ml"",""quantity"":100,""reasonCode"":null,""type"":null}]}","{""type"":""SOLD_BY_EACH"",""unit"":""ea"",""interval"":1,""minOrderQuantity"":1,""maxOrderQuantity"":25,""weighted"":false}","{""textBadge"":null,""loyaltyBadge"":null,""dealBadge"":null,""newItemBadge"":null}","OK","20572876","EA",,,"8675","maxi",false,"OG",false,false,,
"20010855_EA","Extra Virgin Olive Oil for Salads & Pesto","Subtle and light, this oil is made from sun-drenched olives. It adds a gentle flavour to any dish, from soup to desserts, without overwhelming. An everyday oil with taste!<br><br>Quebec 1983 Canada","Maison Orphee","/extra-virgin-olive-oil-for-salads-pesto/p/20010855_EA","[{""imageUrl"":null,""smallUrl"":""https://assets.shop.loblaws.ca/products/20010855/b1/en/front/20010855_front_a01_@2.png"",""mediumUrl"":""https://assets.shop.loblaws.ca/products/20010855/b1/en/front/20010855_front_a01_@2.png"",""largeUrl"":""https://assets.shop.loblaws.ca/products/20010855/b1/en/front/20010855_front_a01_@2.png"",""smallRetinaUrl"":""https://assets.shop.loblaws.ca/products/20010855/b1/en/front/20010855_front_a01_@2.png"",""mediumRetinaUrl"":""https://assets.shop.loblaws.ca/products/20010855/b1/en/front/20010855_front_a01_@2.png"",""largeRetinaUrl"":""https://assets.shop.loblaws.ca/products/20010855/b1/en/front/20010855_front_a01_@2.png""}]","750 ml",true,"{""price"":{""value"":16.49,""unit"":""ea"",""quantity"":1,""reasonCode"":4,""type"":""REGULAR""},""wasPrice"":null,""comparisonPrices"":[{""value"":2.2,""unit"":""ml"",""quantity"":100,""reasonCode"":null,""type"":null}]}","{""type"":""SOLD_BY_EACH"",""unit"":""ea"",""interval"":1,""minOrderQuantity"":1,""maxOrderQuantity"":25,""weighted"":false}","{""textBadge"":null,""loyaltyBadge"":null,""dealBadge"":null,""newItemBadge"":null}","OK","20010855","EA",,,"8675","maxi",false,"OG",false,false,,
"21279389_EA","Margarine with Olive Oil","If you love olive oil, you'll love Becel with Olive Oil. Ideal for cooking, spreading and baking, Becel with Olive Oil is the perfect kitchen partner to help you embrace the spirit of the Mediterranean. Becel can be used as a 1:1 swap for butter in your favourite sweet or savoury dishes.<p>A healthy diet low in saturated and trans fats may reduce the risk of heart disease. Becel is low in saturated fat and has no trans fat. No artificial preservatives, flavours or colours. Made with plant-based oils.</p><p>Lifestyle & Dietary Needs:</p><ul><li>Kosher</li><li>Gluten-free</li><li>No artificial preservatives</li><li>No trans fat</li><li>Cholesterol free</li><li>Low in saturated fat</li><li>Non-hydrogenated</li><li>Source of omega-3</li></ul>","Becel","/margarine-with-olive-oil/p/21279389_EA","[{""imageUrl"":null,""smallUrl"":""https://assets.shop.loblaws.ca/products/21279389/b1/en/front/21279389_front_a01_@2.png"",""mediumUrl"":""https://assets.shop.loblaws.ca/products/21279389/b1/en/front/21279389_front_a01_@2.png"",""largeUrl"":""https://assets.shop.loblaws.ca/products/21279389/b1/en/front/21279389_front_a01_@2.png"",""smallRetinaUrl"":""https://assets.shop.loblaws.ca/products/21279389/b1/en/front/21279389_front_a01_@2.png"",""mediumRetinaUrl"":""https://assets.shop.loblaws.ca/products/21279389/b1/en/front/21279389_front_a01_@2.png"",""largeRetinaUrl"":""https://assets.shop.loblaws.ca/products/21279389/b1/en/front/21279389_front_a01_@2.png""}]","850 g",true,"{""price"":{""value"":6.88,""unit"":""ea"",""quantity"":1,""reasonCode"":1,""type"":""SPECIAL""},""wasPrice"":{""value"":8.49,""unit"":""ea"",""quantity"":1,""reasonCode"":null,""type"":null},""comparisonPrices"":[{""value"":0.81,""unit"":""g"",""quantity"":100,""reasonCode"":null,""type"":null}]}","{""type"":""SOLD_BY_EACH"",""unit"":""ea"",""interval"":1,""minOrderQuantity"":1,""maxOrderQuantity"":25,""weighted"":false}","{""textBadge"":null,""loyaltyBadge"":{""type"":""LOYALTY"",""text"":null,""expiryDate"":null,""promoType"":null,""name"":""LOYALTY""},""dealBadge"":{""type"":""SALE"",""text"":""SAVE $1.61"",""expiryDate"":""2023-02-22T00:00:00Z"",""promoType"":null,""name"":""SALE""},""newItemBadge"":null}","OK","21279389","EA",,,"8675","maxi",false,"OG",false,false,"{""name"":""Dairy & Eggs""}",
"20169932_EA","Canola & Olive Oil Blend","A mix of extra-virgin olive oil and 100% pure canola oil, this versatile blend offers the ideal way to add subtle olive oil taste plus the high smoke point of canola oil. Great for pan-frying or sautéing, for whisking in salad dressings or using in baking.","President's Choice","/canola-olive-oil-blend/p/20169932_EA","[{""imageUrl"":null,""smallUrl"":""https://assets.shop.loblaws.ca/products/20169932/b1/en/front/20169932_front_a01_@2.png"",""mediumUrl"":""https://assets.shop.loblaws.ca/products/20169932/b1/en/front/20169932_front_a01_@2.png"",""largeUrl"":""https://assets.shop.loblaws.ca/products/20169932/b1/en/front/20169932_front_a01_@2.png"",""smallRetinaUrl"":""https://assets.shop.loblaws.ca/products/20169932/b1/en/front/20169932_front_a01_@2.png"",""mediumRetinaUrl"":""https://assets.shop.loblaws.ca/products/20169932/b1/en/front/20169932_front_a01_@2.png"",""largeRetinaUrl"":""https://assets.shop.loblaws.ca/products/20169932/b1/en/front/20169932_front_a01_@2.png""}]","1.89 l",true,"{""price"":{""value"":8.29,""unit"":""ea"",""quantity"":1,""reasonCode"":4,""type"":""REGULAR""},""wasPrice"":null,""comparisonPrices"":[{""value"":0.44,""unit"":""ml"",""quantity"":100,""reasonCode"":null,""type"":null}]}","{""type"":""SOLD_BY_EACH"",""unit"":""ea"",""interval"":1,""minOrderQuantity"":1,""maxOrderQuantity"":25,""weighted"":false}","{""textBadge"":null,""loyaltyBadge"":null,""dealBadge"":null,""newItemBadge"":null}","LOW","20169932","EA",,,"8675","maxi",false,"OG",false,false,,
"21161851_EA","Balanced Extra Virgin Olive Oil",,"Maison Orphee","/balanced-extra-virgin-olive-oil/p/21161851_EA","[{""imageUrl"":null,""smallUrl"":""https://assets.shop.loblaws.ca/products/21161851/b1/en/front/21161851_front_a01_@2.png"",""mediumUrl"":""https://assets.shop.loblaws.ca/products/21161851/b1/en/front/21161851_front_a01_@2.png"",""largeUrl"":""https://assets.shop.loblaws.ca/products/21161851/b1/en/front/21161851_front_a01_@2.png"",""smallRetinaUrl"":""https://assets.shop.loblaws.ca/products/21161851/b1/en/front/21161851_front_a01_@2.png"",""mediumRetinaUrl"":""https://assets.shop.loblaws.ca/products/21161851/b1/en/front/21161851_front_a01_@2.png"",""largeRetinaUrl"":""https://assets.shop.loblaws.ca/products/21161851/b1/en/front/21161851_front_a01_@2.png""}]","750 ml",true,"{""price"":{""value"":18.99,""unit"":""ea"",""quantity"":1,""reasonCode"":4,""type"":""REGULAR""},""wasPrice"":null,""comparisonPrices"":[{""value"":2.53,""unit"":""ml"",""quantity"":100,""reasonCode"":null,""type"":null}]}","{""type"":""SOLD_BY_EACH"",""unit"":""ea"",""interval"":1,""minOrderQuantity"":1,""maxOrderQuantity"":25,""weighted"":false}","{""textBadge"":null,""loyaltyBadge"":null,""dealBadge"":null,""newItemBadge"":null}","OK","21161851","EA",,,"8675","maxi",false,"OG",false,false,,
"20793034001_KG","Green Cabbage","Cabbages are cruciferous vegetables that range in size, shape, and colour. Green cabbage heads have tightly wrapped leaves with a mild, spicy flavour that can be eaten raw or cooked. Shred cabbage for salad or slaw, or cut into wedges and roast with olive oil and lemon.",,"/green-cabbage/p/20793034001_KG","[{""imageUrl"":null,""smallUrl"":""https://assets.shop.loblaws.ca/products/20793034001/b1/en/front/20793034001_front_a01_@2.png"",""mediumUrl"":""https://assets.shop.loblaws.ca/products/20793034001/b1/en/front/20793034001_front_a01_@2.png"",""largeUrl"":""https://assets.shop.loblaws.ca/products/20793034001/b1/en/front/20793034001_front_a01_@2.png"",""smallRetinaUrl"":""https://assets.shop.loblaws.ca/products/20793034001/b1/en/front/20793034001_front_a01_@2.png"",""mediumRetinaUrl"":""https://assets.shop.loblaws.ca/products/20793034001/b1/en/front/20793034001_front_a01_@2.png"",""largeRetinaUrl"":""https://assets.shop.loblaws.ca/products/20793034001/b1/en/front/20793034001_front_a01_@2.png""}]","",true,"{""price"":{""value"":3.66,""unit"":""ea"",""quantity"":1,""reasonCode"":4,""type"":""REGULAR""},""wasPrice"":null,""comparisonPrices"":[{""value"":2.18,""unit"":""kg"",""quantity"":1,""reasonCode"":null,""type"":null},{""value"":0.99,""unit"":""lb"",""quantity"":1,""reasonCode"":null,""type"":null}]}","{""type"":""SOLD_BY_EACH_PRICED_BY_WEIGHT"",""unit"":""ea"",""interval"":1,""minOrderQuantity"":1,""maxOrderQuantity"":25,""weighted"":false}","{""textBadge"":null,""loyaltyBadge"":null,""dealBadge"":null,""newItemBadge"":null}","OUT","20793034001","KG",,,"8675","maxi",false,"OG",false,false,"{""name"":""Fruits & Vegetables""}","1.68"
"21083426_EA","Mackerel in Olive Oil","Skinless Boneless","GoldSeal","/mackerel-in-olive-oil/p/21083426_EA","[{""imageUrl"":null,""smallUrl"":""https://assets.shop.loblaws.ca/products/21083426/b1/en/front/21083426_front_a01_@2.png"",""mediumUrl"":""https://assets.shop.loblaws.ca/products/21083426/b1/en/front/21083426_front_a01_@2.png"",""largeUrl"":""https://assets.shop.loblaws.ca/products/21083426/b1/en/front/21083426_front_a01_@2.png"",""smallRetinaUrl"":""https://assets.shop.loblaws.ca/products/21083426/b1/en/front/21083426_front_a01_@2.png"",""mediumRetinaUrl"":""https://assets.shop.loblaws.ca/products/21083426/b1/en/front/21083426_front_a01_@2.png"",""largeRetinaUrl"":""https://assets.shop.loblaws.ca/products/21083426/b1/en/front/21083426_front_a01_@2.png""}]","115 g",true,"{""price"":{""value"":3.79,""unit"":""ea"",""quantity"":1,""reasonCode"":4,""type"":""REGULAR""},""wasPrice"":null,""comparisonPrices"":[{""value"":3.3,""unit"":""g"",""quantity"":100,""reasonCode"":null,""type"":null}]}","{""type"":""SOLD_BY_EACH"",""unit"":""ea"",""interval"":1,""minOrderQuantity"":1,""maxOrderQuantity"":25,""weighted"":false}","{""textBadge"":null,""loyaltyBadge"":null,""dealBadge"":null,""newItemBadge"":null}","OK","21083426","EA",,,"8675","maxi",false,"OG",false,false,,
"20315275001_EA","Cooking Spray with Olive Oil","All Natural PAM Olive Oil is an alternative to cooking with olive oil. Spray it on your pasta after cooking or to your favorite pasta dish.","Pam","/cooking-spray-with-olive-oil/p/20315275001_EA","[{""imageUrl"":null,""smallUrl"":""https://assets.shop.loblaws.ca/products/20315275001/b1/en/front/20315275001_front_a01_@2.png"",""mediumUrl"":""https://assets.shop.loblaws.ca/products/20315275001/b1/en/front/20315275001_front_a01_@2.png"",""largeUrl"":""https://assets.shop.loblaws.ca/products/20315275001/b1/en/front/20315275001_front_a01_@2.png"",""smallRetinaUrl"":""https://assets.shop.loblaws.ca/products/20315275001/b1/en/front/20315275001_front_a01_@2.png"",""mediumRetinaUrl"":""https://assets.shop.loblaws.ca/products/20315275001/b1/en/front/20315275001_front_a01_@2.png"",""largeRetinaUrl"":""https://assets.shop.loblaws.ca/products/20315275001/b1/en/front/20315275001_front_a01_@2.png""}]","141 g",true,"{""price"":{""value"":4.88,""unit"":""ea"",""quantity"":1,""reasonCode"":1,""type"":""SPECIAL""},""wasPrice"":{""value"":5.49,""unit"":""ea"",""quantity"":1,""reasonCode"":null,""type"":null},""comparisonPrices"":[{""value"":3.46,""unit"":""g"",""quantity"":100,""reasonCode"":null,""type"":null}]}","{""type"":""SOLD_BY_EACH"",""unit"":""ea"",""interval"":1,""minOrderQuantity"":1,""maxOrderQuantity"":25,""weighted"":false}","{""textBadge"":null,""loyaltyBadge"":null,""dealBadge"":{""type"":""SALE"",""text"":""SAVE $0.61"",""expiryDate"":""2023-02-22T00:00:00Z"",""promoType"":null,""name"":""SALE""},""newItemBadge"":null}","OK","20315275001","EA",,,"8675","maxi",false,"OG",false,false,,
"20628744001_EA","Mayonnaise Olive Oil","<ul><li>A combination of subtle olive oil with the delicious creamy taste of Hellmann's mayonnaise you love</li><li>Made with real simple ingredients, like 1% Canadian free run eggs  and canola oil from the Prairies</li><li>Hellmann's with Olive Oil Mayonnaise Type Dressing is the ideal condiment for sandwiches, salads and burgers</li><li>New Hellmann's squeeze bottle with clean lock cap</li><li>Made in Canada for over 75 years, this condiment is rich in Omega 3-ALA, Gluten Free, and Kosher</li><li>Use Hellmann’s with Olive Oil Mayonnaise -Type Dressing as an ingredient to transform your barbecues and everyday chicken dinners into juicier, more delicious meals</li></ul>","Hellmanns","/mayonnaise-olive-oil/p/20628744001_EA","[{""imageUrl"":null,""smallUrl"":""https://assets.shop.loblaws.ca/products/20628744001/b1/en/front/20628744001_front_a01_@2.png"",""mediumUrl"":""https://assets.shop.loblaws.ca/products/20628744001/b1/en/front/20628744001_front_a01_@2.png"",""largeUrl"":""https://assets.shop.loblaws.ca/products/20628744001/b1/en/front/20628744001_front_a01_@2.png"",""smallRetinaUrl"":""https://assets.shop.loblaws.ca/products/20628744001/b1/en/front/20628744001_front_a01_@2.png"",""mediumRetinaUrl"":""https://assets.shop.loblaws.ca/products/20628744001/b1/en/front/20628744001_front_a01_@2.png"",""largeRetinaUrl"":""https://assets.shop.loblaws.ca/products/20628744001/b1/en/front/20628744001_front_a01_@2.png""}]","750 ml",true,"{""price"":{""value"":6.49,""unit"":""ea"",""quantity"":1,""reasonCode"":4,""type"":""REGULAR""},""wasPrice"":null,""comparisonPrices"":[{""value"":0.87,""unit"":""ml"",""quantity"":100,""reasonCode"":null,""type"":null}]}","{""type"":""SOLD_BY_EACH"",""unit"":""ea"",""interval"":1,""minOrderQuantity"":1,""maxOrderQuantity"":25,""weighted"":false}","{""textBadge"":null,""loyaltyBadge"":null,""dealBadge"":null,""newItemBadge"":null}","OK","20628744001","EA",,,"8675","maxi",false,"OG",false,false,,
"20984234_EA","Tuna in Olive Oil",,"Rio Mare","/tuna-in-olive-oil/p/20984234_EA","[{""imageUrl"":null,""smallUrl"":""https://assets.shop.loblaws.ca/products/20984234/b1/en/front/20984234_front_a01_@2.png"",""mediumUrl"":""https://assets.shop.loblaws.ca/products/20984234/b1/en/front/20984234_front_a01_@2.png"",""largeUrl"":""https://assets.shop.loblaws.ca/products/20984234/b1/en/front/20984234_front_a01_@2.png"",""smallRetinaUrl"":""https://assets.shop.loblaws.ca/products/20984234/b1/en/front/20984234_front_a01_@2.png"",""mediumRetinaUrl"":""https://assets.shop.loblaws.ca/products/20984234/b1/en/front/20984234_front_a01_@2.png"",""largeRetinaUrl"":""https://assets.shop.loblaws.ca/products/20984234/b1/en/front/20984234_front_a01_@2.png""}]","160 g",true,"{""price"":{""value"":4.99,""unit"":""ea"",""quantity"":1,""reasonCode"":4,""type"":""REGULAR""},""wasPrice"":null,""comparisonPrices"":[{""value"":3.12,""unit"":""g"",""quantity"":100,""reasonCode"":null,""type"":null}]}","{""type"":""SOLD_BY_EACH"",""unit"":""ea"",""interval"":1,""minOrderQuantity"":1,""maxOrderQuantity"":25,""weighted"":false}","{""textBadge"":null,""loyaltyBadge"":null,""dealBadge"":null,""newItemBadge"":null}","OK","20984234","EA",,,"8675","maxi",false,"OG",false,false,,
"21397367_EA","Roasted Olive Oil","All the flavour without the fuss. Our Ben's Original Natural Select with Garlic, Olive Oil Flavour & Wild rice is the perfect side dish for your weeknight dinner. Ready in 15 minutes, pair this natural & flavourful rice with your favourite vegetables & protein for an easy-to-make and complete meal. For your next dinner recipe, try some of our other flavoured rice items like Natural Select Garlic & Butter Flavour Rice or Natural Select Roasted Chicken Flavour & Wild Rice.<ul><li>Ready in 15 minutes</li><li>No Artificial Flavours or Preservatives</li></ul>","Bens","/roasted-olive-oil/p/21397367_EA","[{""imageUrl"":null,""smallUrl"":""https://assets.shop.loblaws.ca/products/21397367/b1/en/front/21397367_front_a01_@2.png"",""mediumUrl"":""https://assets.shop.loblaws.ca/products/21397367/b1/en/front/21397367_front_a01_@2.png"",""largeUrl"":""https://assets.shop.loblaws.ca/products/21397367/b1/en/front/21397367_front_a01_@2.png"",""smallRetinaUrl"":""https://assets.shop.loblaws.ca/products/21397367/b1/en/front/21397367_front_a01_@2.png"",""mediumRetinaUrl"":""https://assets.shop.loblaws.ca/products/21397367/b1/en/front/21397367_front_a01_@2.png"",""largeRetinaUrl"":""https://assets.shop.loblaws.ca/products/21397367/b1/en/front/21397367_front_a01_@2.png""}]","365 g",true,"{""price"":{""value"":4.79,""unit"":""ea"",""quantity"":1,""reasonCode"":4,""type"":""REGULAR""},""wasPrice"":null,""comparisonPrices"":[{""value"":1.31,""unit"":""g"",""quantity"":100,""reasonCode"":null,""type"":null}]}","{""type"":""SOLD_BY_EACH"",""unit"":""ea"",""interval"":1,""minOrderQuantity"":1,""maxOrderQuantity"":25,""weighted"":false}","{""textBadge"":null,""loyaltyBadge"":null,""dealBadge"":{""type"":""MULTI"",""text"":""$4.00 MIN 2"",""expiryDate"":null,""promoType"":null,""name"":""MULTI""},""newItemBadge"":null}","OK","21397367","EA",,,"8675","maxi",false,"OG",false,false,,
"20415991_EA","Tuna in Olive Oil",,"Unico","/tuna-in-olive-oil/p/20415991_EA","[{""imageUrl"":null,""smallUrl"":""https://assets.shop.loblaws.ca/products/20415991/b1/en/front/20415991_front_a01_@2.png"",""mediumUrl"":""https://assets.shop.loblaws.ca/products/20415991/b1/en/front/20415991_front_a01_@2.png"",""largeUrl"":""https://assets.shop.loblaws.ca/products/20415991/b1/en/front/20415991_front_a01_@2.png"",""smallRetinaUrl"":""https://assets.shop.loblaws.ca/products/20415991/b1/en/front/20415991_front_a01_@2.png"",""mediumRetinaUrl"":""https://assets.shop.loblaws.ca/products/20415991/b1/en/front/20415991_front_a01_@2.png"",""largeRetinaUrl"":""https://assets.shop.loblaws.ca/products/20415991/b1/en/front/20415991_front_a01_@2.png""}]","3x80.0 g",true,"{""price"":{""value"":6.49,""unit"":""ea"",""quantity"":1,""reasonCode"":4,""type"":""REGULAR""},""wasPrice"":null,""comparisonPrices"":[{""value"":2.7,""unit"":""g"",""quantity"":100,""reasonCode"":null,""type"":null}]}","{""type"":""SOLD_BY_EACH"",""unit"":""ea"",""interval"":1,""minOrderQuantity"":1,""maxOrderQuantity"":25,""weighted"":false}","{""textBadge"":null,""loyaltyBadge"":null,""dealBadge"":null,""newItemBadge"":null}","OK","20415991","EA",,,"8675","maxi",false,"OG",false,false,,
"21279391_EA","Margarine with Olive Oil","If you love olive oil, you'll love Becel with Olive Oil. Ideal for cooking, spreading and baking, Becel with Olive Oil is the perfect kitchen partner to help you embrace the spirit of the Mediterranean. Becel can be used as a 1:1 swap for butter in your favourite sweet or savoury dishes.<p>A healthy diet low in saturated and trans fats may reduce the risk of heart disease. Becel is low in saturated fat and has no trans fat. No artificial preservatives, flavours or colours. Made with plant-based oils.</p><p>Lifestyle & Dietary Needs:</p><ul><li>Kosher</li><li>Gluten-free</li><li>No artificial preservatives</li><li>No trans fat</li><li>Cholesterol free</li><li>Low in saturated fat</li><li>Non-hydrogenated</li><li>Source of omega-3</li></ul>","Becel","/margarine-with-olive-oil/p/21279391_EA","[{""imageUrl"":null,""smallUrl"":""https://assets.shop.loblaws.ca/products/21279391/b1/en/front/21279391_front_a01_@2.png"",""mediumUrl"":""https://assets.shop.loblaws.ca/products/21279391/b1/en/front/21279391_front_a01_@2.png"",""largeUrl"":""https://assets.shop.loblaws.ca/products/21279391/b1/en/front/21279391_front_a01_@2.png"",""smallRetinaUrl"":""https://assets.shop.loblaws.ca/products/21279391/b1/en/front/21279391_front_a01_@2.png"",""mediumRetinaUrl"":""https://assets.shop.loblaws.ca/products/21279391/b1/en/front/21279391_front_a01_@2.png"",""largeRetinaUrl"":""https://assets.shop.loblaws.ca/products/21279391/b1/en/front/21279391_front_a01_@2.png""}]","454 g",true,"{""price"":{""value"":4.99,""unit"":""ea"",""quantity"":1,""reasonCode"":4,""type"":""REGULAR""},""wasPrice"":null,""comparisonPrices"":[{""value"":1.17,""unit"":""g"",""quantity"":100,""reasonCode"":null,""type"":null}]}","{""type"":""SOLD_BY_EACH"",""unit"":""ea"",""interval"":1,""minOrderQuantity"":1,""maxOrderQuantity"":25,""weighted"":false}","{""textBadge"":null,""loyaltyBadge"":null,""dealBadge"":null,""newItemBadge"":null}","OK","21279391","EA",,,"8675","maxi",false,"OG",false,false,"{""name"":""Dairy & Eggs""}",
"20722247_EA","Extra Virgin Olive Oil",,"Colavita","/extra-virgin-olive-oil/p/20722247_EA","[{""imageUrl"":null,""smallUrl"":""https://assets.shop.loblaws.ca/products/20722247/b1/en/front/20722247_front_a01_@2.png"",""mediumUrl"":""https://assets.shop.loblaws.ca/products/20722247/b1/en/front/20722247_front_a01_@2.png"",""largeUrl"":""https://assets.shop.loblaws.ca/products/20722247/b1/en/front/20722247_front_a01_@2.png"",""smallRetinaUrl"":""https://assets.shop.loblaws.ca/products/20722247/b1/en/front/20722247_front_a01_@2.png"",""mediumRetinaUrl"":""https://assets.shop.loblaws.ca/products/20722247/b1/en/front/20722247_front_a01_@2.png"",""largeRetinaUrl"":""https://assets.shop.loblaws.ca/products/20722247/b1/en/front/20722247_front_a01_@2.png""}]","750 ml",true,"{""price"":{""value"":16.49,""unit"":""ea"",""quantity"":1,""reasonCode"":4,""type"":""REGULAR""},""wasPrice"":null,""comparisonPrices"":[{""value"":2.2,""unit"":""ml"",""quantity"":100,""reasonCode"":null,""type"":null}]}","{""type"":""SOLD_BY_EACH"",""unit"":""ea"",""interval"":1,""minOrderQuantity"":1,""maxOrderQuantity"":25,""weighted"":false}","{""textBadge"":null,""loyaltyBadge"":null,""dealBadge"":null,""newItemBadge"":null}","OK","20722247","EA",,,"8675","maxi",false,"OG",false,false,,
"20784324_EA","Olive Oil Ear Spray","A method for dispensing olive oil into the outer ear to soften compacted earwax.","Earol","/olive-oil-ear-spray/p/20784324_EA","[{""imageUrl"":null,""smallUrl"":""https://assets.shop.loblaws.ca/products/20784324/b1/en/front/20784324_front_a01_@2.png"",""mediumUrl"":""https://assets.shop.loblaws.ca/products/20784324/b1/en/front/20784324_front_a01_@2.png"",""largeUrl"":""https://assets.shop.loblaws.ca/products/20784324/b1/en/front/20784324_front_a01_@2.png"",""smallRetinaUrl"":""https://assets.shop.loblaws.ca/products/20784324/b1/en/front/20784324_front_a01_@2.png"",""mediumRetinaUrl"":""https://assets.shop.loblaws.ca/products/20784324/b1/en/front/20784324_front_a01_@2.png"",""largeRetinaUrl"":""https://assets.shop.loblaws.ca/products/20784324/b1/en/front/20784324_front_a01_@2.png""}]","1 ea",true,"{""price"":{""value"":13.49,""unit"":""ea"",""quantity"":1,""reasonCode"":4,""type"":""REGULAR""},""wasPrice"":null,""comparisonPrices"":[{""value"":13.49,""unit"":""ea"",""quantity"":1,""reasonCode"":null,""type"":null}]}","{""type"":""SOLD_BY_EACH"",""unit"":""ea"",""interval"":1,""minOrderQuantity"":1,""maxOrderQuantity"":25,""weighted"":false}","{""textBadge"":null,""loyaltyBadge"":null,""dealBadge"":null,""newItemBadge"":null}","LOW","20784324","EA",,,"8675","maxi",false,"OG",false,false,"{""name"":""Health & Beauty""}",
"21499990_EA","Olive Oil Extra Virgin",,"Solon","/olive-oil-extra-virgin/p/21499990_EA","[{""imageUrl"":null,""smallUrl"":""https://assets.shop.loblaws.ca/products/21499990/b1/en/front/21499990_front_a01_@2.png"",""mediumUrl"":""https://assets.shop.loblaws.ca/products/21499990/b1/en/front/21499990_front_a01_@2.png"",""largeUrl"":""https://assets.shop.loblaws.ca/products/21499990/b1/en/front/21499990_front_a01_@2.png"",""smallRetinaUrl"":""https://assets.shop.loblaws.ca/products/21499990/b1/en/front/21499990_front_a01_@2.png"",""mediumRetinaUrl"":""https://assets.shop.loblaws.ca/products/21499990/b1/en/front/21499990_front_a01_@2.png"",""largeRetinaUrl"":""https://assets.shop.loblaws.ca/products/21499990/b1/en/front/21499990_front_a01_@2.png""}]","2 l",true,"{""price"":{""value"":22.99,""unit"":""ea"",""quantity"":1,""reasonCode"":3,""type"":""SPECIAL""},""wasPrice"":{""value"":26.99,""unit"":""ea"",""quantity"":1,""reasonCode"":null,""type"":null},""comparisonPrices"":[{""value"":1.15,""unit"":""ml"",""quantity"":100,""reasonCode"":null,""type"":null}]}","{""type"":""SOLD_BY_EACH"",""unit"":""ea"",""interval"":1,""minOrderQuantity"":1,""maxOrderQuantity"":25,""weighted"":false}","{""textBadge"":null,""loyaltyBadge"":null,""dealBadge"":{""type"":""SALE"",""text"":""SAVE $4.00"",""expiryDate"":""2023-02-22T00:00:00Z"",""promoType"":null,""name"":""SALE""},""newItemBadge"":{""type"":""NEW"",""text"":""NEW"",""expiryDate"":null,""promoType"":null,""newProductDate"":""2022-11-25"",""name"":""New""}}","OK","21499990","EA",,,"8675","maxi",false,"OG",false,false,,
"20250839_EA","Extra Virgin Olive Oil",,"Ferma","/extra-virgin-olive-oil/p/20250839_EA","[{""imageUrl"":null,""smallUrl"":""https://assets.shop.loblaws.ca/products/20250839/b1/en/front/20250839_front_a01_@2.png"",""mediumUrl"":""https://assets.shop.loblaws.ca/products/20250839/b1/en/front/20250839_front_a01_@2.png"",""largeUrl"":""https://assets.shop.loblaws.ca/products/20250839/b1/en/front/20250839_front_a01_@2.png"",""smallRetinaUrl"":""https://assets.shop.loblaws.ca/products/20250839/b1/en/front/20250839_front_a01_@2.png"",""mediumRetinaUrl"":""https://assets.shop.loblaws.ca/products/20250839/b1/en/front/20250839_front_a01_@2.png"",""largeRetinaUrl"":""https://assets.shop.loblaws.ca/products/20250839/b1/en/front/20250839_front_a01_@2.png""}]","750 ml",true,"{""price"":{""value"":7.49,""unit"":""ea"",""quantity"":1,""reasonCode"":4,""type"":""REGULAR""},""wasPrice"":null,""comparisonPrices"":[{""value"":1,""unit"":""ml"",""quantity"":100,""reasonCode"":null,""type"":null}]}","{""type"":""SOLD_BY_EACH"",""unit"":""ea"",""interval"":1,""minOrderQuantity"":1,""maxOrderQuantity"":25,""weighted"":false}","{""textBadge"":null,""loyaltyBadge"":null,""dealBadge"":null,""newItemBadge"":null}","OK","20250839","EA",,,"8675","maxi",false,"OG",false,false,,
"20744761_EA","Roasted Garlic Olive Oil",,"Dainty","/roasted-garlic-olive-oil/p/20744761_EA","[{""imageUrl"":null,""smallUrl"":""https://assets.shop.loblaws.ca/products/20744761/b1/en/front/20744761_front_a01_@2.png"",""mediumUrl"":""https://assets.shop.loblaws.ca/products/20744761/b1/en/front/20744761_front_a01_@2.png"",""largeUrl"":""https://assets.shop.loblaws.ca/products/20744761/b1/en/front/20744761_front_a01_@2.png"",""smallRetinaUrl"":""https://assets.shop.loblaws.ca/products/20744761/b1/en/front/20744761_front_a01_@2.png"",""mediumRetinaUrl"":""https://assets.shop.loblaws.ca/products/20744761/b1/en/front/20744761_front_a01_@2.png"",""largeRetinaUrl"":""https://assets.shop.loblaws.ca/products/20744761/b1/en/front/20744761_front_a01_@2.png""}]","350 g",true,"{""price"":{""value"":1.99,""unit"":""ea"",""quantity"":1,""reasonCode"":4,""type"":""REGULAR""},""wasPrice"":null,""comparisonPrices"":[{""value"":0.57,""unit"":""g"",""quantity"":100,""reasonCode"":null,""type"":null}]}","{""type"":""SOLD_BY_EACH"",""unit"":""ea"",""interval"":1,""minOrderQuantity"":1,""maxOrderQuantity"":25,""weighted"":false}","{""textBadge"":null,""loyaltyBadge"":null,""dealBadge"":null,""newItemBadge"":null}","OK","20744761","EA",,,"8675","maxi",false,"OG",false,false,,
"20756617_EA","Extra Virgin Olive Oil",,"Colavita","/extra-virgin-olive-oil/p/20756617_EA","[{""imageUrl"":null,""smallUrl"":""https://assets.shop.loblaws.ca/products/20756617/b1/en/front/20756617_front_a01_@2.png"",""mediumUrl"":""https://assets.shop.loblaws.ca/products/20756617/b1/en/front/20756617_front_a01_@2.png"",""largeUrl"":""https://assets.shop.loblaws.ca/products/20756617/b1/en/front/20756617_front_a01_@2.png"",""smallRetinaUrl"":""https://assets.shop.loblaws.ca/products/20756617/b1/en/front/20756617_front_a01_@2.png"",""mediumRetinaUrl"":""https://assets.shop.loblaws.ca/products/20756617/b1/en/front/20756617_front_a01_@2.png"",""largeRetinaUrl"":""https://assets.shop.loblaws.ca/products/20756617/b1/en/front/20756617_front_a01_@2.png""}]","1 l",true,"{""price"":{""value"":17.49,""unit"":""ea"",""quantity"":1,""reasonCode"":4,""type"":""REGULAR""},""wasPrice"":null,""comparisonPrices"":[{""value"":1.75,""unit"":""ml"",""quantity"":100,""reasonCode"":null,""type"":null}]}","{""type"":""SOLD_BY_EACH"",""unit"":""ea"",""interval"":1,""minOrderQuantity"":1,""maxOrderQuantity"":25,""weighted"":false}","{""textBadge"":null,""loyaltyBadge"":null,""dealBadge"":null,""newItemBadge"":null}","OK","20756617","EA",,,"8675","maxi",false,"OG",false,false,,
"20620122_EA","Extra Virgin Olive Oil",,"Molisana","/extra-virgin-olive-oil/p/20620122_EA","[{""imageUrl"":null,""smallUrl"":""https://assets.shop.loblaws.ca/products/20620122/b1/en/front/20620122_front_a01_@2.png"",""mediumUrl"":""https://assets.shop.loblaws.ca/products/20620122/b1/en/front/20620122_front_a01_@2.png"",""largeUrl"":""https://assets.shop.loblaws.ca/products/20620122/b1/en/front/20620122_front_a01_@2.png"",""smallRetinaUrl"":""https://assets.shop.loblaws.ca/products/20620122/b1/en/front/20620122_front_a01_@2.png"",""mediumRetinaUrl"":""https://assets.shop.loblaws.ca/products/20620122/b1/en/front/20620122_front_a01_@2.png"",""largeRetinaUrl"":""https://assets.shop.loblaws.ca/products/20620122/b1/en/front/20620122_front_a01_@2.png""}]","1 l",true,"{""price"":{""value"":15.99,""unit"":""ea"",""quantity"":1,""reasonCode"":4,""type"":""REGULAR""},""wasPrice"":null,""comparisonPrices"":[{""value"":1.6,""unit"":""ml"",""quantity"":100,""reasonCode"":null,""type"":null}]}","{""type"":""SOLD_BY_EACH"",""unit"":""ea"",""interval"":1,""minOrderQuantity"":1,""maxOrderQuantity"":25,""weighted"":false}","{""textBadge"":null,""loyaltyBadge"":null,""dealBadge"":null,""newItemBadge"":null}","OK","20620122","EA",,,"8675","maxi",false,"OG",false,false,,
"21426785_EA","Bar Soap Olive Oil",,"Kiss My Face","/bar-soap-olive-oil/p/21426785_EA","[{""imageUrl"":null,""smallUrl"":""https://assets.shop.loblaws.ca/products/21426785/b1/en/front/21426785_front_a01_@2.png"",""mediumUrl"":""https://assets.shop.loblaws.ca/products/21426785/b1/en/front/21426785_front_a01_@2.png"",""largeUrl"":""https://assets.shop.loblaws.ca/products/21426785/b1/en/front/21426785_front_a01_@2.png"",""smallRetinaUrl"":""https://assets.shop.loblaws.ca/products/21426785/b1/en/front/21426785_front_a01_@2.png"",""mediumRetinaUrl"":""https://assets.shop.loblaws.ca/products/21426785/b1/en/front/21426785_front_a01_@2.png"",""largeRetinaUrl"":""https://assets.shop.loblaws.ca/products/21426785/b1/en/front/21426785_front_a01_@2.png""}]","230 g",true,"{""price"":{""value"":6.49,""unit"":""ea"",""quantity"":1,""reasonCode"":4,""type"":""REGULAR""},""wasPrice"":null,""comparisonPrices"":[{""value"":2.82,""unit"":""g"",""quantity"":100,""reasonCode"":null,""type"":null}]}","{""type"":""SOLD_BY_EACH"",""unit"":""ea"",""interval"":1,""minOrderQuantity"":1,""maxOrderQuantity"":25,""weighted"":false}","{""textBadge"":null,""loyaltyBadge"":null,""dealBadge"":null,""newItemBadge"":null}","LOW","21426785","EA",,,"8675","maxi",false,"OG",false,false,"{""name"":""Health & Beauty""}",